vivid_event_id,observed_at,low_price_usd
5080436,2026-05-09T05:53:36.069699+00:00,1182.83
5080437,2026-05-09T05:53:36.069699+00:00,924.47
5080438,2026-05-09T05:53:36.069699+00:00,576.55
5080441,2026-05-09T05:53:36.069699+00:00,73.32
5080443,2026-05-09T05:53:36.069699+00:00,1350.62
5080444,2026-05-09T05:53:36.069699+00:00,213.76
5080446,2026-05-09T05:53:36.069699+00:00,723.12
5080447,2026-05-09T05:53:36.069699+00:00,403.56
5080449,2026-05-09T05:53:36.069699+00:00,628.63
5080453,2026-05-09T05:53:36.069699+00:00,333.88
5080454,2026-05-09T05:53:36.069699+00:00,420.65
5080456,2026-05-09T05:53:36.069699+00:00,226.87
5080457,2026-05-09T05:53:36.069699+00:00,410.6
5080458,2026-05-09T05:53:36.069699+00:00,719.36
5080460,2026-05-09T05:53:36.069699+00:00,270.31
5080461,2026-05-09T05:53:36.069699+00:00,676.66
5080463,2026-05-09T05:53:36.069699+00:00,142.39
5080464,2026-05-09T05:53:36.069699+00:00,569.99
5080466,2026-05-09T05:53:36.069699+00:00,883.76
5080468,2026-05-09T05:53:36.069699+00:00,510.15
5080471,2026-05-09T05:53:36.069699+00:00,198.45
5080473,2026-05-09T05:53:36.069699+00:00,288.49
5080475,2026-05-09T05:53:36.069699+00:00,611.49
5080479,2026-05-09T05:53:36.069699+00:00,893.14
5080481,2026-05-09T05:53:36.069699+00:00,641.69
5080436,2026-05-09T07:44:03.065989+00:00,1182.83
5080437,2026-05-09T07:44:03.065989+00:00,924.47
5080438,2026-05-09T07:44:03.065989+00:00,576.55
5080441,2026-05-09T07:44:03.065989+00:00,73.32
5080443,2026-05-09T07:44:03.065989+00:00,1350.62
5080444,2026-05-09T07:44:03.065989+00:00,213.76
5080446,2026-05-09T07:44:03.065989+00:00,723.12
5080447,2026-05-09T07:44:03.065989+00:00,403.56
5080449,2026-05-09T07:44:03.065989+00:00,628.63
5080453,2026-05-09T07:44:03.065989+00:00,333.88
5080454,2026-05-09T07:44:03.065989+00:00,420.65
5080456,2026-05-09T07:44:03.065989+00:00,226.87
5080457,2026-05-09T07:44:03.065989+00:00,410.6
5080458,2026-05-09T07:44:03.065989+00:00,719.36
5080460,2026-05-09T07:44:03.065989+00:00,270.31
5080461,2026-05-09T07:44:03.065989+00:00,676.66
5080463,2026-05-09T07:44:03.065989+00:00,147.9
5080464,2026-05-09T07:44:03.065989+00:00,569.99
5080466,2026-05-09T07:44:03.065989+00:00,883.76
5080468,2026-05-09T07:44:03.065989+00:00,510.15
5080471,2026-05-09T07:44:03.065989+00:00,198.45
5080473,2026-05-09T07:44:03.065989+00:00,288.49
5080475,2026-05-09T07:44:03.065989+00:00,611.06
5080479,2026-05-09T07:44:03.065989+00:00,893.14
5080481,2026-05-09T07:44:03.065989+00:00,641.69
5080436,2026-05-09T09:04:07.679277+00:00,1206.7
5080437,2026-05-09T09:04:07.679277+00:00,924.47
5080438,2026-05-09T09:04:07.679277+00:00,576.55
5080441,2026-05-09T09:04:07.679277+00:00,73.32
5080443,2026-05-09T09:04:07.679277+00:00,1350.62
5080444,2026-05-09T09:04:07.679277+00:00,216.06
5080446,2026-05-09T09:04:07.679277+00:00,711.48
5080447,2026-05-09T09:04:07.679277+00:00,441.42
5080449,2026-05-09T09:04:07.679277+00:00,628.63
5080453,2026-05-09T09:04:07.679277+00:00,333.88
5080454,2026-05-09T09:04:07.679277+00:00,419.08
5080456,2026-05-09T09:04:07.679277+00:00,226.87
5080457,2026-05-09T09:04:07.679277+00:00,410.6
5080458,2026-05-09T09:04:07.679277+00:00,670.65
5080460,2026-05-09T09:04:07.679277+00:00,270.31
5080461,2026-05-09T09:04:07.679277+00:00,689.78
5080463,2026-05-09T09:04:07.679277+00:00,147.9
5080464,2026-05-09T09:04:07.679277+00:00,569.99
5080466,2026-05-09T09:04:07.679277+00:00,883.76
5080468,2026-05-09T09:04:07.679277+00:00,520.89
5080471,2026-05-09T09:04:07.679277+00:00,205.05
5080473,2026-05-09T09:04:07.679277+00:00,294.56
5080475,2026-05-09T09:04:07.679277+00:00,611.06
5080479,2026-05-09T09:04:07.679277+00:00,936.82
5080481,2026-05-09T09:04:07.679277+00:00,641.69
5080436,2026-05-09T10:16:01.380604+00:00,1206.7
5080437,2026-05-09T10:16:01.380604+00:00,924.47
5080438,2026-05-09T10:16:01.380604+00:00,576.55
5080441,2026-05-09T10:16:01.380604+00:00,73.32
5080443,2026-05-09T10:16:01.380604+00:00,1350.62
5080444,2026-05-09T10:16:01.380604+00:00,216.06
5080446,2026-05-09T10:16:01.380604+00:00,711.48
5080447,2026-05-09T10:16:01.380604+00:00,441.42
5080449,2026-05-09T10:16:01.380604+00:00,628.63
5080453,2026-05-09T10:16:01.380604+00:00,333.88
5080454,2026-05-09T10:16:01.380604+00:00,419.08
5080456,2026-05-09T10:16:01.380604+00:00,226.87
5080457,2026-05-09T10:16:01.380604+00:00,410.6
5080458,2026-05-09T10:16:01.380604+00:00,670.65
5080460,2026-05-09T10:16:01.380604+00:00,270.31
5080461,2026-05-09T10:16:01.380604+00:00,689.78
5080463,2026-05-09T10:16:01.380604+00:00,147.9
5080464,2026-05-09T10:16:01.380604+00:00,569.99
5080466,2026-05-09T10:16:01.380604+00:00,883.76
5080468,2026-05-09T10:16:01.380604+00:00,520.89
5080471,2026-05-09T10:16:01.380604+00:00,205.05
5080473,2026-05-09T10:16:01.380604+00:00,294.56
5080475,2026-05-09T10:16:01.380604+00:00,611.06
5080479,2026-05-09T10:16:01.380604+00:00,936.82
5080481,2026-05-09T10:16:01.380604+00:00,641.69
5080436,2026-05-09T11:14:00.878353+00:00,1206.7
5080437,2026-05-09T11:14:00.878353+00:00,924.47
5080438,2026-05-09T11:14:00.878353+00:00,576.55
5080441,2026-05-09T11:14:00.878353+00:00,73.32
5080443,2026-05-09T11:14:00.878353+00:00,1350.62
5080444,2026-05-09T11:14:00.878353+00:00,216.06
5080446,2026-05-09T11:14:00.878353+00:00,711.48
5080447,2026-05-09T11:14:00.878353+00:00,441.42
5080449,2026-05-09T11:14:00.878353+00:00,628.63
5080453,2026-05-09T11:14:00.878353+00:00,333.88
5080454,2026-05-09T11:14:00.878353+00:00,419.08
5080456,2026-05-09T11:14:00.878353+00:00,226.87
5080457,2026-05-09T11:14:00.878353+00:00,410.6
5080458,2026-05-09T11:14:00.878353+00:00,670.65
5080460,2026-05-09T11:14:00.878353+00:00,270.31
5080461,2026-05-09T11:14:00.878353+00:00,689.78
5080463,2026-05-09T11:14:00.878353+00:00,147.9
5080464,2026-05-09T11:14:00.878353+00:00,569.99
5080466,2026-05-09T11:14:00.878353+00:00,883.76
5080468,2026-05-09T11:14:00.878353+00:00,520.89
5080471,2026-05-09T11:14:00.878353+00:00,205.05
5080473,2026-05-09T11:14:00.878353+00:00,294.56
5080475,2026-05-09T11:14:00.878353+00:00,611.06
5080479,2026-05-09T11:14:00.878353+00:00,936.82
5080481,2026-05-09T11:14:00.878353+00:00,641.69
5080436,2026-05-09T12:03:04.631703+00:00,1206.7
5080437,2026-05-09T12:03:04.631703+00:00,924.47
5080438,2026-05-09T12:03:04.631703+00:00,576.55
5080441,2026-05-09T12:03:04.631703+00:00,73.32
5080443,2026-05-09T12:03:04.631703+00:00,1350.62
5080444,2026-05-09T12:03:04.631703+00:00,216.06
5080446,2026-05-09T12:03:04.631703+00:00,711.48
5080447,2026-05-09T12:03:04.631703+00:00,441.42
5080449,2026-05-09T12:03:04.631703+00:00,628.63
5080453,2026-05-09T12:03:04.631703+00:00,333.88
5080454,2026-05-09T12:03:04.631703+00:00,419.08
5080456,2026-05-09T12:03:04.631703+00:00,226.87
5080457,2026-05-09T12:03:04.631703+00:00,410.6
5080458,2026-05-09T12:03:04.631703+00:00,670.65
5080460,2026-05-09T12:03:04.631703+00:00,270.31
5080461,2026-05-09T12:03:04.631703+00:00,689.78
5080463,2026-05-09T12:03:04.631703+00:00,147.9
5080464,2026-05-09T12:03:04.631703+00:00,569.99
5080466,2026-05-09T12:03:04.631703+00:00,883.76
5080468,2026-05-09T12:03:04.631703+00:00,520.89
5080471,2026-05-09T12:03:04.631703+00:00,205.05
5080473,2026-05-09T12:03:04.631703+00:00,294.56
5080475,2026-05-09T12:03:04.631703+00:00,611.06
5080479,2026-05-09T12:03:04.631703+00:00,936.82
5080481,2026-05-09T12:03:04.631703+00:00,641.69
5080436,2026-05-09T13:47:00.939692+00:00,1206.7
5080437,2026-05-09T13:47:00.939692+00:00,924.47
5080438,2026-05-09T13:47:00.939692+00:00,576.55
5080441,2026-05-09T13:47:00.939692+00:00,73.32
5080443,2026-05-09T13:47:00.939692+00:00,1350.62
5080444,2026-05-09T13:47:00.939692+00:00,216.06
5080446,2026-05-09T13:47:00.939692+00:00,711.48
5080447,2026-05-09T13:47:00.939692+00:00,441.42
5080449,2026-05-09T13:47:00.939692+00:00,628.63
5080453,2026-05-09T13:47:00.939692+00:00,333.88
5080454,2026-05-09T13:47:00.939692+00:00,419.08
5080456,2026-05-09T13:47:00.939692+00:00,226.87
5080457,2026-05-09T13:47:00.939692+00:00,410.6
5080458,2026-05-09T13:47:00.939692+00:00,670.65
5080460,2026-05-09T13:47:00.939692+00:00,270.31
5080461,2026-05-09T13:47:00.939692+00:00,689.78
5080463,2026-05-09T13:47:00.939692+00:00,147.9
5080464,2026-05-09T13:47:00.939692+00:00,569.99
5080466,2026-05-09T13:47:00.939692+00:00,883.76
5080468,2026-05-09T13:47:00.939692+00:00,520.89
5080471,2026-05-09T13:47:00.939692+00:00,205.05
5080473,2026-05-09T13:47:00.939692+00:00,294.56
5080475,2026-05-09T13:47:00.939692+00:00,611.06
5080479,2026-05-09T13:47:00.939692+00:00,936.82
5080481,2026-05-09T13:47:00.939692+00:00,641.69
5080436,2026-05-09T14:40:16.273526+00:00,1206.7
5080437,2026-05-09T14:40:16.273526+00:00,924.47
5080438,2026-05-09T14:40:16.273526+00:00,576.55
5080441,2026-05-09T14:40:16.273526+00:00,73.32
5080443,2026-05-09T14:40:16.273526+00:00,1350.62
5080444,2026-05-09T14:40:16.273526+00:00,216.06
5080446,2026-05-09T14:40:16.273526+00:00,711.48
5080447,2026-05-09T14:40:16.273526+00:00,441.42
5080449,2026-05-09T14:40:16.273526+00:00,628.63
5080453,2026-05-09T14:40:16.273526+00:00,333.88
5080454,2026-05-09T14:40:16.273526+00:00,419.08
5080456,2026-05-09T14:40:16.273526+00:00,226.87
5080457,2026-05-09T14:40:16.273526+00:00,410.6
5080458,2026-05-09T14:40:16.273526+00:00,670.65
5080460,2026-05-09T14:40:16.273526+00:00,270.31
5080461,2026-05-09T14:40:16.273526+00:00,689.78
5080463,2026-05-09T14:40:16.273526+00:00,147.9
5080464,2026-05-09T14:40:16.273526+00:00,569.99
5080466,2026-05-09T14:40:16.273526+00:00,883.76
5080468,2026-05-09T14:40:16.273526+00:00,520.89
5080471,2026-05-09T14:40:16.273526+00:00,205.05
5080473,2026-05-09T14:40:16.273526+00:00,294.56
5080475,2026-05-09T14:40:16.273526+00:00,611.06
5080479,2026-05-09T14:40:16.273526+00:00,936.82
5080481,2026-05-09T14:40:16.273526+00:00,641.69
5080436,2026-05-09T15:36:11.948921+00:00,1206.7
5080437,2026-05-09T15:36:11.948921+00:00,924.47
5080438,2026-05-09T15:36:11.948921+00:00,576.55
5080441,2026-05-09T15:36:11.948921+00:00,73.32
5080443,2026-05-09T15:36:11.948921+00:00,1350.62
5080444,2026-05-09T15:36:11.948921+00:00,216.06
5080446,2026-05-09T15:36:11.948921+00:00,711.48
5080447,2026-05-09T15:36:11.948921+00:00,441.42
5080449,2026-05-09T15:36:11.948921+00:00,628.63
5080453,2026-05-09T15:36:11.948921+00:00,333.88
5080454,2026-05-09T15:36:11.948921+00:00,419.08
5080456,2026-05-09T15:36:11.948921+00:00,226.87
5080457,2026-05-09T15:36:11.948921+00:00,410.6
5080458,2026-05-09T15:36:11.948921+00:00,670.65
5080460,2026-05-09T15:36:11.948921+00:00,270.31
5080461,2026-05-09T15:36:11.948921+00:00,689.78
5080463,2026-05-09T15:36:11.948921+00:00,147.9
5080464,2026-05-09T15:36:11.948921+00:00,569.99
5080466,2026-05-09T15:36:11.948921+00:00,883.76
5080468,2026-05-09T15:36:11.948921+00:00,520.89
5080471,2026-05-09T15:36:11.948921+00:00,205.05
5080473,2026-05-09T15:36:11.948921+00:00,294.56
5080475,2026-05-09T15:36:11.948921+00:00,611.06
5080479,2026-05-09T15:36:11.948921+00:00,936.82
5080481,2026-05-09T15:36:11.948921+00:00,641.69
5080436,2026-05-09T16:33:48.075929+00:00,1206.7
5080437,2026-05-09T16:33:48.075929+00:00,924.47
5080438,2026-05-09T16:33:48.075929+00:00,576.55
5080441,2026-05-09T16:33:48.075929+00:00,73.32
5080443,2026-05-09T16:33:48.075929+00:00,1350.62
5080444,2026-05-09T16:33:48.075929+00:00,216.06
5080446,2026-05-09T16:33:48.075929+00:00,711.48
5080447,2026-05-09T16:33:48.075929+00:00,441.42
5080449,2026-05-09T16:33:48.075929+00:00,628.63
5080453,2026-05-09T16:33:48.075929+00:00,333.88
5080454,2026-05-09T16:33:48.075929+00:00,419.08
5080456,2026-05-09T16:33:48.075929+00:00,226.87
5080457,2026-05-09T16:33:48.075929+00:00,410.6
5080458,2026-05-09T16:33:48.075929+00:00,670.65
5080460,2026-05-09T16:33:48.075929+00:00,270.31
5080461,2026-05-09T16:33:48.075929+00:00,689.78
5080463,2026-05-09T16:33:48.075929+00:00,147.9
5080464,2026-05-09T16:33:48.075929+00:00,569.99
5080466,2026-05-09T16:33:48.075929+00:00,883.76
5080468,2026-05-09T16:33:48.075929+00:00,520.89
5080471,2026-05-09T16:33:48.075929+00:00,205.05
5080473,2026-05-09T16:33:48.075929+00:00,294.56
5080475,2026-05-09T16:33:48.075929+00:00,611.06
5080479,2026-05-09T16:33:48.075929+00:00,936.82
5080481,2026-05-09T16:33:48.075929+00:00,641.69
5080436,2026-05-09T17:33:17.207470+00:00,1206.7
5080437,2026-05-09T17:33:17.207470+00:00,924.47
5080438,2026-05-09T17:33:17.207470+00:00,576.55
5080441,2026-05-09T17:33:17.207470+00:00,73.32
5080443,2026-05-09T17:33:17.207470+00:00,1350.62
5080444,2026-05-09T17:33:17.207470+00:00,216.06
5080446,2026-05-09T17:33:17.207470+00:00,711.48
5080447,2026-05-09T17:33:17.207470+00:00,441.42
5080449,2026-05-09T17:33:17.207470+00:00,628.63
5080453,2026-05-09T17:33:17.207470+00:00,333.88
5080454,2026-05-09T17:33:17.207470+00:00,419.08
5080456,2026-05-09T17:33:17.207470+00:00,226.87
5080457,2026-05-09T17:33:17.207470+00:00,410.6
5080458,2026-05-09T17:33:17.207470+00:00,670.65
5080460,2026-05-09T17:33:17.207470+00:00,270.31
5080461,2026-05-09T17:33:17.207470+00:00,689.78
5080463,2026-05-09T17:33:17.207470+00:00,147.9
5080464,2026-05-09T17:33:17.207470+00:00,569.99
5080466,2026-05-09T17:33:17.207470+00:00,883.76
5080468,2026-05-09T17:33:17.207470+00:00,520.89
5080471,2026-05-09T17:33:17.207470+00:00,205.05
5080473,2026-05-09T17:33:17.207470+00:00,294.56
5080475,2026-05-09T17:33:17.207470+00:00,611.06
5080479,2026-05-09T17:33:17.207470+00:00,936.82
5080481,2026-05-09T17:33:17.207470+00:00,641.69
5080436,2026-05-09T18:34:59.132208+00:00,1182.83
5080437,2026-05-09T18:34:59.132208+00:00,882.3
5080438,2026-05-09T18:34:59.132208+00:00,612.38
5080441,2026-05-09T18:34:59.132208+00:00,73.32
5080443,2026-05-09T18:34:59.132208+00:00,1351.46
5080444,2026-05-09T18:34:59.132208+00:00,215.86
5080446,2026-05-09T18:34:59.132208+00:00,711.48
5080447,2026-05-09T18:34:59.132208+00:00,441.42
5080449,2026-05-09T18:34:59.132208+00:00,628.63
5080453,2026-05-09T18:34:59.132208+00:00,333.88
5080454,2026-05-09T18:34:59.132208+00:00,420.65
5080456,2026-05-09T18:34:59.132208+00:00,227.63
5080457,2026-05-09T18:34:59.132208+00:00,410.6
5080458,2026-05-09T18:34:59.132208+00:00,704.68
5080460,2026-05-09T18:34:59.132208+00:00,278.09
5080461,2026-05-09T18:34:59.132208+00:00,689.78
5080463,2026-05-09T18:34:59.132208+00:00,147.9
5080464,2026-05-09T18:34:59.132208+00:00,569.99
5080466,2026-05-09T18:34:59.132208+00:00,883.76
5080468,2026-05-09T18:34:59.132208+00:00,520.89
5080471,2026-05-09T18:34:59.132208+00:00,202.65
5080473,2026-05-09T18:34:59.132208+00:00,294.56
5080475,2026-05-09T18:34:59.132208+00:00,611.06
5080479,2026-05-09T18:34:59.132208+00:00,936.82
5080481,2026-05-09T18:34:59.132208+00:00,683.56
5080436,2026-05-09T19:43:34.342205+00:00,1182.83
5080437,2026-05-09T19:43:34.342205+00:00,882.3
5080438,2026-05-09T19:43:34.342205+00:00,612.38
5080441,2026-05-09T19:43:34.342205+00:00,73.32
5080443,2026-05-09T19:43:34.342205+00:00,1351.46
5080444,2026-05-09T19:43:34.342205+00:00,215.86
5080446,2026-05-09T19:43:34.342205+00:00,711.48
5080447,2026-05-09T19:43:34.342205+00:00,441.42
5080449,2026-05-09T19:43:34.342205+00:00,628.63
5080453,2026-05-09T19:43:34.342205+00:00,333.88
5080454,2026-05-09T19:43:34.342205+00:00,420.65
5080456,2026-05-09T19:43:34.342205+00:00,227.63
5080457,2026-05-09T19:43:34.342205+00:00,410.6
5080458,2026-05-09T19:43:34.342205+00:00,704.68
5080460,2026-05-09T19:43:34.342205+00:00,278.09
5080461,2026-05-09T19:43:34.342205+00:00,689.78
5080463,2026-05-09T19:43:34.342205+00:00,147.9
5080464,2026-05-09T19:43:34.342205+00:00,569.99
5080466,2026-05-09T19:43:34.342205+00:00,883.76
5080468,2026-05-09T19:43:34.342205+00:00,520.89
5080471,2026-05-09T19:43:34.342205+00:00,202.65
5080473,2026-05-09T19:43:34.342205+00:00,294.56
5080475,2026-05-09T19:43:34.342205+00:00,611.06
5080479,2026-05-09T19:43:34.342205+00:00,936.82
5080481,2026-05-09T19:43:34.342205+00:00,683.56
5080436,2026-05-09T21:11:15.085435+00:00,1182.83
5080437,2026-05-09T21:11:15.085435+00:00,882.3
5080438,2026-05-09T21:11:15.085435+00:00,612.38
5080441,2026-05-09T21:11:15.085435+00:00,73.32
5080443,2026-05-09T21:11:15.085435+00:00,1351.46
5080444,2026-05-09T21:11:15.085435+00:00,215.86
5080446,2026-05-09T21:11:15.085435+00:00,711.48
5080447,2026-05-09T21:11:15.085435+00:00,441.42
5080449,2026-05-09T21:11:15.085435+00:00,628.63
5080453,2026-05-09T21:11:15.085435+00:00,333.88
5080454,2026-05-09T21:11:15.085435+00:00,420.65
5080456,2026-05-09T21:11:15.085435+00:00,227.63
5080457,2026-05-09T21:11:15.085435+00:00,410.6
5080458,2026-05-09T21:11:15.085435+00:00,704.68
5080460,2026-05-09T21:11:15.085435+00:00,278.09
5080461,2026-05-09T21:11:15.085435+00:00,689.78
5080463,2026-05-09T21:11:15.085435+00:00,147.9
5080464,2026-05-09T21:11:15.085435+00:00,569.99
5080466,2026-05-09T21:11:15.085435+00:00,883.76
5080468,2026-05-09T21:11:15.085435+00:00,520.89
5080471,2026-05-09T21:11:15.085435+00:00,202.65
5080473,2026-05-09T21:11:15.085435+00:00,294.56
5080475,2026-05-09T21:11:15.085435+00:00,611.06
5080479,2026-05-09T21:11:15.085435+00:00,936.82
5080481,2026-05-09T21:11:15.085435+00:00,683.56
5080436,2026-05-09T22:02:02.656802+00:00,1182.83
5080437,2026-05-09T22:02:02.656802+00:00,882.3
5080438,2026-05-09T22:02:02.656802+00:00,612.38
5080441,2026-05-09T22:02:02.656802+00:00,73.32
5080443,2026-05-09T22:02:02.656802+00:00,1351.46
5080444,2026-05-09T22:02:02.656802+00:00,215.86
5080446,2026-05-09T22:02:02.656802+00:00,711.48
5080447,2026-05-09T22:02:02.656802+00:00,441.42
5080449,2026-05-09T22:02:02.656802+00:00,628.63
5080453,2026-05-09T22:02:02.656802+00:00,333.88
5080454,2026-05-09T22:02:02.656802+00:00,420.65
5080456,2026-05-09T22:02:02.656802+00:00,227.63
5080457,2026-05-09T22:02:02.656802+00:00,410.6
5080458,2026-05-09T22:02:02.656802+00:00,704.68
5080460,2026-05-09T22:02:02.656802+00:00,278.09
5080461,2026-05-09T22:02:02.656802+00:00,689.78
5080463,2026-05-09T22:02:02.656802+00:00,147.9
5080464,2026-05-09T22:02:02.656802+00:00,569.99
5080466,2026-05-09T22:02:02.656802+00:00,883.76
5080468,2026-05-09T22:02:02.656802+00:00,520.89
5080471,2026-05-09T22:02:02.656802+00:00,202.65
5080473,2026-05-09T22:02:02.656802+00:00,294.56
5080475,2026-05-09T22:02:02.656802+00:00,611.06
5080479,2026-05-09T22:02:02.656802+00:00,936.82
5080481,2026-05-09T22:02:02.656802+00:00,683.56
5080436,2026-05-09T22:58:49.951167+00:00,1182.83
5080437,2026-05-09T22:58:49.951167+00:00,882.3
5080438,2026-05-09T22:58:49.951167+00:00,612.38
5080441,2026-05-09T22:58:49.951167+00:00,73.32
5080443,2026-05-09T22:58:49.951167+00:00,1351.46
5080444,2026-05-09T22:58:49.951167+00:00,215.86
5080446,2026-05-09T22:58:49.951167+00:00,711.48
5080447,2026-05-09T22:58:49.951167+00:00,441.42
5080449,2026-05-09T22:58:49.951167+00:00,628.63
5080453,2026-05-09T22:58:49.951167+00:00,333.88
5080454,2026-05-09T22:58:49.951167+00:00,420.65
5080456,2026-05-09T22:58:49.951167+00:00,227.63
5080457,2026-05-09T22:58:49.951167+00:00,410.6
5080458,2026-05-09T22:58:49.951167+00:00,704.68
5080460,2026-05-09T22:58:49.951167+00:00,278.09
5080461,2026-05-09T22:58:49.951167+00:00,689.78
5080463,2026-05-09T22:58:49.951167+00:00,147.9
5080464,2026-05-09T22:58:49.951167+00:00,569.99
5080466,2026-05-09T22:58:49.951167+00:00,883.76
5080468,2026-05-09T22:58:49.951167+00:00,520.89
5080471,2026-05-09T22:58:49.951167+00:00,202.65
5080473,2026-05-09T22:58:49.951167+00:00,294.56
5080475,2026-05-09T22:58:49.951167+00:00,611.06
5080479,2026-05-09T22:58:49.951167+00:00,936.82
5080481,2026-05-09T22:58:49.951167+00:00,683.56
5080436,2026-05-09T23:55:32.815479+00:00,1182.83
5080437,2026-05-09T23:55:32.815479+00:00,882.3
5080438,2026-05-09T23:55:32.815479+00:00,612.38
5080441,2026-05-09T23:55:32.815479+00:00,73.32
5080443,2026-05-09T23:55:32.815479+00:00,1351.46
5080444,2026-05-09T23:55:32.815479+00:00,215.86
5080446,2026-05-09T23:55:32.815479+00:00,711.48
5080447,2026-05-09T23:55:32.815479+00:00,441.42
5080449,2026-05-09T23:55:32.815479+00:00,628.63
5080453,2026-05-09T23:55:32.815479+00:00,333.88
5080454,2026-05-09T23:55:32.815479+00:00,420.65
5080456,2026-05-09T23:55:32.815479+00:00,227.63
5080457,2026-05-09T23:55:32.815479+00:00,410.6
5080458,2026-05-09T23:55:32.815479+00:00,704.68
5080460,2026-05-09T23:55:32.815479+00:00,278.09
5080461,2026-05-09T23:55:32.815479+00:00,689.78
5080463,2026-05-09T23:55:32.815479+00:00,147.9
5080464,2026-05-09T23:55:32.815479+00:00,569.99
5080466,2026-05-09T23:55:32.815479+00:00,883.76
5080468,2026-05-09T23:55:32.815479+00:00,520.89
5080471,2026-05-09T23:55:32.815479+00:00,202.65
5080473,2026-05-09T23:55:32.815479+00:00,294.56
5080475,2026-05-09T23:55:32.815479+00:00,611.06
5080479,2026-05-09T23:55:32.815479+00:00,936.82
5080481,2026-05-09T23:55:32.815479+00:00,683.56
5080436,2026-05-10T02:38:25.926981+00:00,1182.83
5080437,2026-05-10T02:38:25.926981+00:00,882.3
5080438,2026-05-10T02:38:25.926981+00:00,612.38
5080441,2026-05-10T02:38:25.926981+00:00,73.32
5080443,2026-05-10T02:38:25.926981+00:00,1351.46
5080444,2026-05-10T02:38:25.926981+00:00,215.86
5080446,2026-05-10T02:38:25.926981+00:00,711.48
5080447,2026-05-10T02:38:25.926981+00:00,441.42
5080449,2026-05-10T02:38:25.926981+00:00,628.63
5080453,2026-05-10T02:38:25.926981+00:00,333.88
5080454,2026-05-10T02:38:25.926981+00:00,420.65
5080456,2026-05-10T02:38:25.926981+00:00,227.63
5080457,2026-05-10T02:38:25.926981+00:00,410.6
5080458,2026-05-10T02:38:25.926981+00:00,704.68
5080460,2026-05-10T02:38:25.926981+00:00,278.09
5080461,2026-05-10T02:38:25.926981+00:00,689.78
5080463,2026-05-10T02:38:25.926981+00:00,154.38
5080464,2026-05-10T02:38:25.926981+00:00,482.69
5080466,2026-05-10T02:38:25.926981+00:00,883.76
5080468,2026-05-10T02:38:25.926981+00:00,520.89
5080471,2026-05-10T02:38:25.926981+00:00,202.65
5080473,2026-05-10T02:38:25.926981+00:00,294.56
5080475,2026-05-10T02:38:25.926981+00:00,532.59
5080479,2026-05-10T02:38:25.926981+00:00,936.82
5080481,2026-05-10T02:38:25.926981+00:00,683.56
5080436,2026-05-10T05:52:26.447423+00:00,1182.83
5080437,2026-05-10T05:52:26.447423+00:00,888.7
5080438,2026-05-10T05:52:26.447423+00:00,617.2
5080441,2026-05-10T05:52:26.447423+00:00,73.32
5080443,2026-05-10T05:52:26.447423+00:00,1351.46
5080444,2026-05-10T05:52:26.447423+00:00,215.86
5080446,2026-05-10T05:52:26.447423+00:00,711.48
5080447,2026-05-10T05:52:26.447423+00:00,431.26
5080449,2026-05-10T05:52:26.447423+00:00,628.63
5080453,2026-05-10T05:52:26.447423+00:00,335.16
5080454,2026-05-10T05:52:26.447423+00:00,436.0
5080456,2026-05-10T05:52:26.447423+00:00,227.63
5080457,2026-05-10T05:52:26.447423+00:00,428.83
5080458,2026-05-10T05:52:26.447423+00:00,683.66
5080460,2026-05-10T05:52:26.447423+00:00,276.67
5080461,2026-05-10T05:52:26.447423+00:00,730.48
5080463,2026-05-10T05:52:26.447423+00:00,154.38
5080464,2026-05-10T05:52:26.447423+00:00,482.69
5080466,2026-05-10T05:52:26.447423+00:00,883.76
5080468,2026-05-10T05:52:26.447423+00:00,556.02
5080471,2026-05-10T05:52:26.447423+00:00,205.47
5080473,2026-05-10T05:52:26.447423+00:00,282.43
5080475,2026-05-10T05:52:26.447423+00:00,532.59
5080479,2026-05-10T05:52:26.447423+00:00,721.83
5080481,2026-05-10T05:52:26.447423+00:00,607.3
5080436,2026-05-10T07:52:42.437384+00:00,1182.83
5080437,2026-05-10T07:52:42.437384+00:00,888.7
5080438,2026-05-10T07:52:42.437384+00:00,617.2
5080441,2026-05-10T07:52:42.437384+00:00,73.32
5080443,2026-05-10T07:52:42.437384+00:00,1351.46
5080444,2026-05-10T07:52:42.437384+00:00,215.86
5080446,2026-05-10T07:52:42.437384+00:00,711.48
5080447,2026-05-10T07:52:42.437384+00:00,431.26
5080449,2026-05-10T07:52:42.437384+00:00,628.63
5080453,2026-05-10T07:52:42.437384+00:00,335.16
5080454,2026-05-10T07:52:42.437384+00:00,436.0
5080456,2026-05-10T07:52:42.437384+00:00,227.63
5080457,2026-05-10T07:52:42.437384+00:00,428.83
5080458,2026-05-10T07:52:42.437384+00:00,683.66
5080460,2026-05-10T07:52:42.437384+00:00,276.67
5080461,2026-05-10T07:52:42.437384+00:00,730.48
5080463,2026-05-10T07:52:42.437384+00:00,154.38
5080464,2026-05-10T07:52:42.437384+00:00,482.69
5080466,2026-05-10T07:52:42.437384+00:00,883.76
5080468,2026-05-10T07:52:42.437384+00:00,556.02
5080471,2026-05-10T07:52:42.437384+00:00,205.47
5080473,2026-05-10T07:52:42.437384+00:00,282.43
5080475,2026-05-10T07:52:42.437384+00:00,532.59
5080479,2026-05-10T07:52:42.437384+00:00,721.83
5080481,2026-05-10T07:52:42.437384+00:00,607.3
5080436,2026-05-10T09:20:30.587738+00:00,1182.83
5080437,2026-05-10T09:20:30.587738+00:00,888.7
5080438,2026-05-10T09:20:30.587738+00:00,617.2
5080441,2026-05-10T09:20:30.587738+00:00,73.32
5080443,2026-05-10T09:20:30.587738+00:00,1351.46
5080444,2026-05-10T09:20:30.587738+00:00,215.86
5080446,2026-05-10T09:20:30.587738+00:00,711.48
5080447,2026-05-10T09:20:30.587738+00:00,431.26
5080449,2026-05-10T09:20:30.587738+00:00,628.63
5080453,2026-05-10T09:20:30.587738+00:00,335.16
5080454,2026-05-10T09:20:30.587738+00:00,436.0
5080456,2026-05-10T09:20:30.587738+00:00,227.63
5080457,2026-05-10T09:20:30.587738+00:00,428.83
5080458,2026-05-10T09:20:30.587738+00:00,683.66
5080460,2026-05-10T09:20:30.587738+00:00,276.67
5080461,2026-05-10T09:20:30.587738+00:00,730.48
5080463,2026-05-10T09:20:30.587738+00:00,154.38
5080464,2026-05-10T09:20:30.587738+00:00,482.69
5080466,2026-05-10T09:20:30.587738+00:00,883.76
5080468,2026-05-10T09:20:30.587738+00:00,556.02
5080471,2026-05-10T09:20:30.587738+00:00,205.47
5080473,2026-05-10T09:20:30.587738+00:00,282.43
5080475,2026-05-10T09:20:30.587738+00:00,532.59
5080479,2026-05-10T09:20:30.587738+00:00,721.83
5080481,2026-05-10T09:20:30.587738+00:00,607.3
5080436,2026-05-10T10:42:08.653864+00:00,1182.83
5080437,2026-05-10T10:42:08.653864+00:00,888.7
5080438,2026-05-10T10:42:08.653864+00:00,617.2
5080441,2026-05-10T10:42:08.653864+00:00,73.32
5080443,2026-05-10T10:42:08.653864+00:00,1351.46
5080444,2026-05-10T10:42:08.653864+00:00,215.86
5080446,2026-05-10T10:42:08.653864+00:00,711.48
5080447,2026-05-10T10:42:08.653864+00:00,431.26
5080449,2026-05-10T10:42:08.653864+00:00,628.63
5080453,2026-05-10T10:42:08.653864+00:00,335.16
5080454,2026-05-10T10:42:08.653864+00:00,436.0
5080456,2026-05-10T10:42:08.653864+00:00,227.63
5080457,2026-05-10T10:42:08.653864+00:00,428.83
5080458,2026-05-10T10:42:08.653864+00:00,683.66
5080460,2026-05-10T10:42:08.653864+00:00,276.67
5080461,2026-05-10T10:42:08.653864+00:00,730.48
5080463,2026-05-10T10:42:08.653864+00:00,154.38
5080464,2026-05-10T10:42:08.653864+00:00,469.5
5080466,2026-05-10T10:42:08.653864+00:00,883.76
5080468,2026-05-10T10:42:08.653864+00:00,556.02
5080471,2026-05-10T10:42:08.653864+00:00,205.47
5080473,2026-05-10T10:42:08.653864+00:00,282.43
5080475,2026-05-10T10:42:08.653864+00:00,532.59
5080479,2026-05-10T10:42:08.653864+00:00,721.83
5080481,2026-05-10T10:42:08.653864+00:00,607.3
5080436,2026-05-10T11:34:45.175902+00:00,1182.83
5080437,2026-05-10T11:34:45.175902+00:00,888.7
5080438,2026-05-10T11:34:45.175902+00:00,617.2
5080441,2026-05-10T11:34:45.175902+00:00,73.32
5080443,2026-05-10T11:34:45.175902+00:00,1351.46
5080444,2026-05-10T11:34:45.175902+00:00,215.86
5080446,2026-05-10T11:34:45.175902+00:00,711.48
5080447,2026-05-10T11:34:45.175902+00:00,431.26
5080449,2026-05-10T11:34:45.175902+00:00,628.63
5080453,2026-05-10T11:34:45.175902+00:00,335.16
5080454,2026-05-10T11:34:45.175902+00:00,436.0
5080456,2026-05-10T11:34:45.175902+00:00,227.63
5080457,2026-05-10T11:34:45.175902+00:00,428.83
5080458,2026-05-10T11:34:45.175902+00:00,683.66
5080460,2026-05-10T11:34:45.175902+00:00,276.67
5080461,2026-05-10T11:34:45.175902+00:00,730.48
5080463,2026-05-10T11:34:45.175902+00:00,154.38
5080464,2026-05-10T11:34:45.175902+00:00,469.5
5080466,2026-05-10T11:34:45.175902+00:00,883.76
5080468,2026-05-10T11:34:45.175902+00:00,556.02
5080471,2026-05-10T11:34:45.175902+00:00,205.47
5080473,2026-05-10T11:34:45.175902+00:00,282.43
5080475,2026-05-10T11:34:45.175902+00:00,532.59
5080479,2026-05-10T11:34:45.175902+00:00,721.83
5080481,2026-05-10T11:34:45.175902+00:00,607.3
5080436,2026-05-10T12:37:01.400390+00:00,1182.83
5080437,2026-05-10T12:37:01.400390+00:00,898.31
5080438,2026-05-10T12:37:01.400390+00:00,628.05
5080441,2026-05-10T12:37:01.400390+00:00,73.32
5080443,2026-05-10T12:37:01.400390+00:00,1351.46
5080444,2026-05-10T12:37:01.400390+00:00,223.08
5080446,2026-05-10T12:37:01.400390+00:00,711.48
5080447,2026-05-10T12:37:01.400390+00:00,441.42
5080449,2026-05-10T12:37:01.400390+00:00,733.07
5080453,2026-05-10T12:37:01.400390+00:00,335.16
5080454,2026-05-10T12:37:01.400390+00:00,439.39
5080456,2026-05-10T12:37:01.400390+00:00,250.7
5080457,2026-05-10T12:37:01.400390+00:00,428.83
5080458,2026-05-10T12:37:01.400390+00:00,683.66
5080460,2026-05-10T12:37:01.400390+00:00,276.67
5080461,2026-05-10T12:37:01.400390+00:00,730.48
5080463,2026-05-10T12:37:01.400390+00:00,154.38
5080464,2026-05-10T12:37:01.400390+00:00,469.5
5080466,2026-05-10T12:37:01.400390+00:00,883.76
5080468,2026-05-10T12:37:01.400390+00:00,570.4
5080471,2026-05-10T12:37:01.400390+00:00,201.7
5080473,2026-05-10T12:37:01.400390+00:00,288.92
5080475,2026-05-10T12:37:01.400390+00:00,532.59
5080479,2026-05-10T12:37:01.400390+00:00,721.83
5080481,2026-05-10T12:37:01.400390+00:00,684.28
5080436,2026-05-10T14:05:15.000414+00:00,1182.83
5080437,2026-05-10T14:05:15.000414+00:00,898.31
5080438,2026-05-10T14:05:15.000414+00:00,628.05
5080441,2026-05-10T14:05:15.000414+00:00,73.32
5080443,2026-05-10T14:05:15.000414+00:00,1351.46
5080444,2026-05-10T14:05:15.000414+00:00,223.08
5080446,2026-05-10T14:05:15.000414+00:00,711.48
5080447,2026-05-10T14:05:15.000414+00:00,441.42
5080449,2026-05-10T14:05:15.000414+00:00,733.07
5080453,2026-05-10T14:05:15.000414+00:00,335.16
5080454,2026-05-10T14:05:15.000414+00:00,439.39
5080456,2026-05-10T14:05:15.000414+00:00,250.7
5080457,2026-05-10T14:05:15.000414+00:00,428.83
5080458,2026-05-10T14:05:15.000414+00:00,683.66
5080460,2026-05-10T14:05:15.000414+00:00,276.67
5080461,2026-05-10T14:05:15.000414+00:00,730.48
5080463,2026-05-10T14:05:15.000414+00:00,154.38
5080464,2026-05-10T14:05:15.000414+00:00,469.5
5080466,2026-05-10T14:05:15.000414+00:00,883.76
5080468,2026-05-10T14:05:15.000414+00:00,570.4
5080471,2026-05-10T14:05:15.000414+00:00,201.7
5080473,2026-05-10T14:05:15.000414+00:00,288.92
5080475,2026-05-10T14:05:15.000414+00:00,532.59
5080479,2026-05-10T14:05:15.000414+00:00,721.83
5080481,2026-05-10T14:05:15.000414+00:00,684.28
5080436,2026-05-10T15:08:47.767606+00:00,1182.83
5080437,2026-05-10T15:08:47.767606+00:00,898.31
5080438,2026-05-10T15:08:47.767606+00:00,628.05
5080441,2026-05-10T15:08:47.767606+00:00,73.32
5080443,2026-05-10T15:08:47.767606+00:00,1351.46
5080444,2026-05-10T15:08:47.767606+00:00,223.08
5080446,2026-05-10T15:08:47.767606+00:00,711.48
5080447,2026-05-10T15:08:47.767606+00:00,441.42
5080449,2026-05-10T15:08:47.767606+00:00,733.07
5080453,2026-05-10T15:08:47.767606+00:00,335.16
5080454,2026-05-10T15:08:47.767606+00:00,439.39
5080456,2026-05-10T15:08:47.767606+00:00,250.7
5080457,2026-05-10T15:08:47.767606+00:00,428.83
5080458,2026-05-10T15:08:47.767606+00:00,683.66
5080460,2026-05-10T15:08:47.767606+00:00,276.67
5080461,2026-05-10T15:08:47.767606+00:00,730.48
5080463,2026-05-10T15:08:47.767606+00:00,154.38
5080464,2026-05-10T15:08:47.767606+00:00,469.5
5080466,2026-05-10T15:08:47.767606+00:00,883.76
5080468,2026-05-10T15:08:47.767606+00:00,570.4
5080471,2026-05-10T15:08:47.767606+00:00,201.7
5080473,2026-05-10T15:08:47.767606+00:00,288.92
5080475,2026-05-10T15:08:47.767606+00:00,532.59
5080479,2026-05-10T15:08:47.767606+00:00,721.83
5080481,2026-05-10T15:08:47.767606+00:00,684.28
5080436,2026-05-10T17:11:19.713900+00:00,1182.83
5080437,2026-05-10T17:11:19.713900+00:00,898.31
5080438,2026-05-10T17:11:19.713900+00:00,628.05
5080441,2026-05-10T17:11:19.713900+00:00,73.32
5080443,2026-05-10T17:11:19.713900+00:00,1351.46
5080444,2026-05-10T17:11:19.713900+00:00,223.08
5080446,2026-05-10T17:11:19.713900+00:00,711.48
5080447,2026-05-10T17:11:19.713900+00:00,441.42
5080449,2026-05-10T17:11:19.713900+00:00,733.07
5080453,2026-05-10T17:11:19.713900+00:00,335.16
5080454,2026-05-10T17:11:19.713900+00:00,439.39
5080456,2026-05-10T17:11:19.713900+00:00,250.7
5080457,2026-05-10T17:11:19.713900+00:00,428.83
5080458,2026-05-10T17:11:19.713900+00:00,683.66
5080460,2026-05-10T17:11:19.713900+00:00,276.67
5080461,2026-05-10T17:11:19.713900+00:00,730.48
5080463,2026-05-10T17:11:19.713900+00:00,154.38
5080464,2026-05-10T17:11:19.713900+00:00,469.5
5080466,2026-05-10T17:11:19.713900+00:00,883.76
5080468,2026-05-10T17:11:19.713900+00:00,570.4
5080471,2026-05-10T17:11:19.713900+00:00,201.7
5080473,2026-05-10T17:11:19.713900+00:00,288.92
5080475,2026-05-10T17:11:19.713900+00:00,532.59
5080479,2026-05-10T17:11:19.713900+00:00,721.83
5080481,2026-05-10T17:11:19.713900+00:00,684.28
5080436,2026-05-10T18:06:26.521695+00:00,1182.83
5080437,2026-05-10T18:06:26.521695+00:00,898.31
5080438,2026-05-10T18:06:26.521695+00:00,628.05
5080441,2026-05-10T18:06:26.521695+00:00,73.32
5080443,2026-05-10T18:06:26.521695+00:00,1351.46
5080444,2026-05-10T18:06:26.521695+00:00,223.08
5080446,2026-05-10T18:06:26.521695+00:00,711.48
5080447,2026-05-10T18:06:26.521695+00:00,441.42
5080449,2026-05-10T18:06:26.521695+00:00,733.07
5080453,2026-05-10T18:06:26.521695+00:00,335.16
5080454,2026-05-10T18:06:26.521695+00:00,439.39
5080456,2026-05-10T18:06:26.521695+00:00,250.7
5080457,2026-05-10T18:06:26.521695+00:00,428.83
5080458,2026-05-10T18:06:26.521695+00:00,683.66
5080460,2026-05-10T18:06:26.521695+00:00,276.67
5080461,2026-05-10T18:06:26.521695+00:00,730.48
5080463,2026-05-10T18:06:26.521695+00:00,154.38
5080464,2026-05-10T18:06:26.521695+00:00,469.5
5080466,2026-05-10T18:06:26.521695+00:00,883.76
5080468,2026-05-10T18:06:26.521695+00:00,570.4
5080471,2026-05-10T18:06:26.521695+00:00,201.7
5080473,2026-05-10T18:06:26.521695+00:00,288.92
5080475,2026-05-10T18:06:26.521695+00:00,532.59
5080479,2026-05-10T18:06:26.521695+00:00,721.83
5080481,2026-05-10T18:06:26.521695+00:00,684.28
5080436,2026-05-10T19:20:56.729998+00:00,1182.83
5080437,2026-05-10T19:20:56.729998+00:00,898.31
5080438,2026-05-10T19:20:56.729998+00:00,628.05
5080441,2026-05-10T19:20:56.729998+00:00,73.32
5080443,2026-05-10T19:20:56.729998+00:00,1351.46
5080444,2026-05-10T19:20:56.729998+00:00,223.08
5080446,2026-05-10T19:20:56.729998+00:00,711.48
5080447,2026-05-10T19:20:56.729998+00:00,441.42
5080449,2026-05-10T19:20:56.729998+00:00,733.07
5080453,2026-05-10T19:20:56.729998+00:00,335.16
5080454,2026-05-10T19:20:56.729998+00:00,439.39
5080456,2026-05-10T19:20:56.729998+00:00,250.7
5080457,2026-05-10T19:20:56.729998+00:00,428.83
5080458,2026-05-10T19:20:56.729998+00:00,683.66
5080460,2026-05-10T19:20:56.729998+00:00,276.67
5080461,2026-05-10T19:20:56.729998+00:00,730.48
5080463,2026-05-10T19:20:56.729998+00:00,154.38
5080464,2026-05-10T19:20:56.729998+00:00,469.5
5080466,2026-05-10T19:20:56.729998+00:00,883.76
5080468,2026-05-10T19:20:56.729998+00:00,570.4
5080471,2026-05-10T19:20:56.729998+00:00,201.7
5080473,2026-05-10T19:20:56.729998+00:00,288.92
5080475,2026-05-10T19:20:56.729998+00:00,532.59
5080479,2026-05-10T19:20:56.729998+00:00,721.83
5080481,2026-05-10T19:20:56.729998+00:00,684.28
5080436,2026-05-10T20:07:32.440958+00:00,1182.83
5080437,2026-05-10T20:07:32.440958+00:00,898.31
5080438,2026-05-10T20:07:32.440958+00:00,628.05
5080441,2026-05-10T20:07:32.440958+00:00,73.32
5080443,2026-05-10T20:07:32.440958+00:00,1351.46
5080444,2026-05-10T20:07:32.440958+00:00,223.08
5080446,2026-05-10T20:07:32.440958+00:00,711.48
5080447,2026-05-10T20:07:32.440958+00:00,441.42
5080449,2026-05-10T20:07:32.440958+00:00,733.07
5080453,2026-05-10T20:07:32.440958+00:00,335.16
5080454,2026-05-10T20:07:32.440958+00:00,439.39
5080456,2026-05-10T20:07:32.440958+00:00,250.7
5080457,2026-05-10T20:07:32.440958+00:00,428.83
5080458,2026-05-10T20:07:32.440958+00:00,683.66
5080460,2026-05-10T20:07:32.440958+00:00,276.67
5080461,2026-05-10T20:07:32.440958+00:00,730.48
5080463,2026-05-10T20:07:32.440958+00:00,157.58
5080464,2026-05-10T20:07:32.440958+00:00,429.75
5080466,2026-05-10T20:07:32.440958+00:00,883.76
5080468,2026-05-10T20:07:32.440958+00:00,570.4
5080471,2026-05-10T20:07:32.440958+00:00,201.7
5080473,2026-05-10T20:07:32.440958+00:00,288.92
5080475,2026-05-10T20:07:32.440958+00:00,532.59
5080479,2026-05-10T20:07:32.440958+00:00,721.83
5080481,2026-05-10T20:07:32.440958+00:00,684.28
5080436,2026-05-10T21:03:39.241537+00:00,1182.83
5080437,2026-05-10T21:03:39.241537+00:00,898.31
5080438,2026-05-10T21:03:39.241537+00:00,628.05
5080441,2026-05-10T21:03:39.241537+00:00,73.32
5080443,2026-05-10T21:03:39.241537+00:00,1351.46
5080444,2026-05-10T21:03:39.241537+00:00,223.08
5080446,2026-05-10T21:03:39.241537+00:00,711.48
5080447,2026-05-10T21:03:39.241537+00:00,441.42
5080449,2026-05-10T21:03:39.241537+00:00,733.07
5080453,2026-05-10T21:03:39.241537+00:00,335.16
5080454,2026-05-10T21:03:39.241537+00:00,439.39
5080456,2026-05-10T21:03:39.241537+00:00,250.7
5080457,2026-05-10T21:03:39.241537+00:00,428.83
5080458,2026-05-10T21:03:39.241537+00:00,683.66
5080460,2026-05-10T21:03:39.241537+00:00,276.67
5080461,2026-05-10T21:03:39.241537+00:00,730.48
5080463,2026-05-10T21:03:39.241537+00:00,157.58
5080464,2026-05-10T21:03:39.241537+00:00,429.75
5080466,2026-05-10T21:03:39.241537+00:00,883.76
5080468,2026-05-10T21:03:39.241537+00:00,570.4
5080471,2026-05-10T21:03:39.241537+00:00,201.7
5080473,2026-05-10T21:03:39.241537+00:00,288.92
5080475,2026-05-10T21:03:39.241537+00:00,532.59
5080479,2026-05-10T21:03:39.241537+00:00,721.83
5080481,2026-05-10T21:03:39.241537+00:00,684.28
5080436,2026-05-10T21:59:45.187081+00:00,1182.83
5080437,2026-05-10T21:59:45.187081+00:00,898.31
5080438,2026-05-10T21:59:45.187081+00:00,589.19
5080441,2026-05-10T21:59:45.187081+00:00,73.32
5080443,2026-05-10T21:59:45.187081+00:00,1351.46
5080444,2026-05-10T21:59:45.187081+00:00,223.08
5080446,2026-05-10T21:59:45.187081+00:00,711.48
5080447,2026-05-10T21:59:45.187081+00:00,434.53
5080449,2026-05-10T21:59:45.187081+00:00,733.07
5080453,2026-05-10T21:59:45.187081+00:00,335.16
5080454,2026-05-10T21:59:45.187081+00:00,417.54
5080456,2026-05-10T21:59:45.187081+00:00,249.97
5080457,2026-05-10T21:59:45.187081+00:00,428.83
5080458,2026-05-10T21:59:45.187081+00:00,683.66
5080460,2026-05-10T21:59:45.187081+00:00,276.67
5080461,2026-05-10T21:59:45.187081+00:00,741.59
5080463,2026-05-10T21:59:45.187081+00:00,157.58
5080464,2026-05-10T21:59:45.187081+00:00,429.75
5080466,2026-05-10T21:59:45.187081+00:00,883.76
5080468,2026-05-10T21:59:45.187081+00:00,574.34
5080471,2026-05-10T21:59:45.187081+00:00,212.02
5080473,2026-05-10T21:59:45.187081+00:00,297.81
5080475,2026-05-10T21:59:45.187081+00:00,532.59
5080479,2026-05-10T21:59:45.187081+00:00,894.06
5080481,2026-05-10T21:59:45.187081+00:00,681.63
5080436,2026-05-10T22:56:48.978736+00:00,1182.83
5080437,2026-05-10T22:56:48.978736+00:00,898.31
5080438,2026-05-10T22:56:48.978736+00:00,589.19
5080441,2026-05-10T22:56:48.978736+00:00,73.32
5080443,2026-05-10T22:56:48.978736+00:00,1351.46
5080444,2026-05-10T22:56:48.978736+00:00,223.08
5080446,2026-05-10T22:56:48.978736+00:00,711.48
5080447,2026-05-10T22:56:48.978736+00:00,434.53
5080449,2026-05-10T22:56:48.978736+00:00,733.07
5080453,2026-05-10T22:56:48.978736+00:00,335.16
5080454,2026-05-10T22:56:48.978736+00:00,417.54
5080456,2026-05-10T22:56:48.978736+00:00,249.97
5080457,2026-05-10T22:56:48.978736+00:00,428.83
5080458,2026-05-10T22:56:48.978736+00:00,683.66
5080460,2026-05-10T22:56:48.978736+00:00,276.67
5080461,2026-05-10T22:56:48.978736+00:00,741.59
5080463,2026-05-10T22:56:48.978736+00:00,157.58
5080464,2026-05-10T22:56:48.978736+00:00,429.75
5080466,2026-05-10T22:56:48.978736+00:00,883.76
5080468,2026-05-10T22:56:48.978736+00:00,574.34
5080471,2026-05-10T22:56:48.978736+00:00,212.02
5080473,2026-05-10T22:56:48.978736+00:00,297.81
5080475,2026-05-10T22:56:48.978736+00:00,532.59
5080479,2026-05-10T22:56:48.978736+00:00,894.06
5080481,2026-05-10T22:56:48.978736+00:00,681.63
5080436,2026-05-10T23:53:19.382604+00:00,1182.83
5080437,2026-05-10T23:53:19.382604+00:00,898.31
5080438,2026-05-10T23:53:19.382604+00:00,589.19
5080441,2026-05-10T23:53:19.382604+00:00,73.32
5080443,2026-05-10T23:53:19.382604+00:00,1351.46
5080444,2026-05-10T23:53:19.382604+00:00,223.08
5080446,2026-05-10T23:53:19.382604+00:00,711.48
5080447,2026-05-10T23:53:19.382604+00:00,434.53
5080449,2026-05-10T23:53:19.382604+00:00,733.07
5080453,2026-05-10T23:53:19.382604+00:00,335.16
5080454,2026-05-10T23:53:19.382604+00:00,417.54
5080456,2026-05-10T23:53:19.382604+00:00,249.97
5080457,2026-05-10T23:53:19.382604+00:00,428.83
5080458,2026-05-10T23:53:19.382604+00:00,683.66
5080460,2026-05-10T23:53:19.382604+00:00,276.67
5080461,2026-05-10T23:53:19.382604+00:00,741.59
5080463,2026-05-10T23:53:19.382604+00:00,157.58
5080464,2026-05-10T23:53:19.382604+00:00,429.75
5080466,2026-05-10T23:53:19.382604+00:00,883.76
5080468,2026-05-10T23:53:19.382604+00:00,574.34
5080471,2026-05-10T23:53:19.382604+00:00,212.02
5080473,2026-05-10T23:53:19.382604+00:00,297.81
5080475,2026-05-10T23:53:19.382604+00:00,532.59
5080479,2026-05-10T23:53:19.382604+00:00,894.06
5080481,2026-05-10T23:53:19.382604+00:00,681.63
5080436,2026-05-11T02:04:51.391104+00:00,1182.83
5080437,2026-05-11T02:04:51.391104+00:00,898.31
5080438,2026-05-11T02:04:51.391104+00:00,589.19
5080441,2026-05-11T02:04:51.391104+00:00,73.32
5080443,2026-05-11T02:04:51.391104+00:00,1351.46
5080444,2026-05-11T02:04:51.391104+00:00,223.08
5080446,2026-05-11T02:04:51.391104+00:00,711.48
5080447,2026-05-11T02:04:51.391104+00:00,434.53
5080449,2026-05-11T02:04:51.391104+00:00,733.07
5080453,2026-05-11T02:04:51.391104+00:00,335.16
5080454,2026-05-11T02:04:51.391104+00:00,417.54
5080456,2026-05-11T02:04:51.391104+00:00,249.97
5080457,2026-05-11T02:04:51.391104+00:00,428.83
5080458,2026-05-11T02:04:51.391104+00:00,683.66
5080460,2026-05-11T02:04:51.391104+00:00,276.67
5080461,2026-05-11T02:04:51.391104+00:00,741.59
5080463,2026-05-11T02:04:51.391104+00:00,157.58
5080464,2026-05-11T02:04:51.391104+00:00,429.75
5080466,2026-05-11T02:04:51.391104+00:00,883.76
5080468,2026-05-11T02:04:51.391104+00:00,574.34
5080471,2026-05-11T02:04:51.391104+00:00,212.02
5080473,2026-05-11T02:04:51.391104+00:00,297.81
5080475,2026-05-11T02:04:51.391104+00:00,532.59
5080479,2026-05-11T02:04:51.391104+00:00,894.06
5080481,2026-05-11T02:04:51.391104+00:00,681.63
5080436,2026-05-11T06:07:54.073629+00:00,1182.83
5080437,2026-05-11T06:07:54.073629+00:00,898.31
5080438,2026-05-11T06:07:54.073629+00:00,589.19
5080441,2026-05-11T06:07:54.073629+00:00,73.32
5080443,2026-05-11T06:07:54.073629+00:00,1351.46
5080444,2026-05-11T06:07:54.073629+00:00,223.08
5080446,2026-05-11T06:07:54.073629+00:00,711.48
5080447,2026-05-11T06:07:54.073629+00:00,434.53
5080449,2026-05-11T06:07:54.073629+00:00,733.07
5080453,2026-05-11T06:07:54.073629+00:00,335.16
5080454,2026-05-11T06:07:54.073629+00:00,417.54
5080456,2026-05-11T06:07:54.073629+00:00,249.97
5080457,2026-05-11T06:07:54.073629+00:00,428.83
5080458,2026-05-11T06:07:54.073629+00:00,683.66
5080460,2026-05-11T06:07:54.073629+00:00,276.67
5080461,2026-05-11T06:07:54.073629+00:00,741.59
5080463,2026-05-11T06:07:54.073629+00:00,159.71
5080464,2026-05-11T06:07:54.073629+00:00,429.75
5080466,2026-05-11T06:07:54.073629+00:00,883.76
5080468,2026-05-11T06:07:54.073629+00:00,574.34
5080471,2026-05-11T06:07:54.073629+00:00,212.02
5080473,2026-05-11T06:07:54.073629+00:00,297.81
5080475,2026-05-11T06:07:54.073629+00:00,598.57
5080479,2026-05-11T06:07:54.073629+00:00,894.06
5080481,2026-05-11T06:07:54.073629+00:00,681.63
5080436,2026-05-11T09:59:36.591812+00:00,1182.83
5080437,2026-05-11T09:59:36.591812+00:00,920.7
5080438,2026-05-11T09:59:36.591812+00:00,594.16
5080441,2026-05-11T09:59:36.591812+00:00,73.32
5080443,2026-05-11T09:59:36.591812+00:00,1351.46
5080444,2026-05-11T09:59:36.591812+00:00,223.08
5080446,2026-05-11T09:59:36.591812+00:00,711.48
5080447,2026-05-11T09:59:36.591812+00:00,441.42
5080449,2026-05-11T09:59:36.591812+00:00,733.07
5080453,2026-05-11T09:59:36.591812+00:00,335.16
5080454,2026-05-11T09:59:36.591812+00:00,417.54
5080456,2026-05-11T09:59:36.591812+00:00,228.31
5080457,2026-05-11T09:59:36.591812+00:00,428.83
5080458,2026-05-11T09:59:36.591812+00:00,683.66
5080460,2026-05-11T09:59:36.591812+00:00,276.67
5080461,2026-05-11T09:59:36.591812+00:00,734.93
5080463,2026-05-11T09:59:36.591812+00:00,159.71
5080464,2026-05-11T09:59:36.591812+00:00,429.75
5080466,2026-05-11T09:59:36.591812+00:00,933.41
5080468,2026-05-11T09:59:36.591812+00:00,570.28
5080471,2026-05-11T09:59:36.591812+00:00,212.02
5080473,2026-05-11T09:59:36.591812+00:00,297.81
5080475,2026-05-11T09:59:36.591812+00:00,598.57
5080479,2026-05-11T09:59:36.591812+00:00,841.63
5080481,2026-05-11T09:59:36.591812+00:00,681.86
5080436,2026-05-11T12:44:33.798470+00:00,1182.83
5080437,2026-05-11T12:44:33.798470+00:00,920.7
5080438,2026-05-11T12:44:33.798470+00:00,594.16
5080441,2026-05-11T12:44:33.798470+00:00,73.32
5080443,2026-05-11T12:44:33.798470+00:00,1351.46
5080444,2026-05-11T12:44:33.798470+00:00,223.08
5080446,2026-05-11T12:44:33.798470+00:00,711.48
5080447,2026-05-11T12:44:33.798470+00:00,441.42
5080449,2026-05-11T12:44:33.798470+00:00,733.07
5080453,2026-05-11T12:44:33.798470+00:00,335.16
5080454,2026-05-11T12:44:33.798470+00:00,417.54
5080456,2026-05-11T12:44:33.798470+00:00,228.31
5080457,2026-05-11T12:44:33.798470+00:00,428.83
5080458,2026-05-11T12:44:33.798470+00:00,683.66
5080460,2026-05-11T12:44:33.798470+00:00,276.67
5080461,2026-05-11T12:44:33.798470+00:00,734.93
5080463,2026-05-11T12:44:33.798470+00:00,159.71
5080464,2026-05-11T12:44:33.798470+00:00,429.75
5080466,2026-05-11T12:44:33.798470+00:00,933.41
5080468,2026-05-11T12:44:33.798470+00:00,570.28
5080471,2026-05-11T12:44:33.798470+00:00,212.02
5080473,2026-05-11T12:44:33.798470+00:00,297.81
5080475,2026-05-11T12:44:33.798470+00:00,598.57
5080479,2026-05-11T12:44:33.798470+00:00,841.63
5080481,2026-05-11T12:44:33.798470+00:00,681.86
5080436,2026-05-11T15:49:51.427406+00:00,1182.83
5080437,2026-05-11T15:49:51.427406+00:00,874.83
5080438,2026-05-11T15:49:51.427406+00:00,579.4
5080441,2026-05-11T15:49:51.427406+00:00,73.32
5080443,2026-05-11T15:49:51.427406+00:00,1351.46
5080444,2026-05-11T15:49:51.427406+00:00,223.08
5080446,2026-05-11T15:49:51.427406+00:00,711.48
5080447,2026-05-11T15:49:51.427406+00:00,432.81
5080449,2026-05-11T15:49:51.427406+00:00,733.07
5080453,2026-05-11T15:49:51.427406+00:00,335.16
5080454,2026-05-11T15:49:51.427406+00:00,417.54
5080456,2026-05-11T15:49:51.427406+00:00,228.31
5080457,2026-05-11T15:49:51.427406+00:00,428.83
5080458,2026-05-11T15:49:51.427406+00:00,683.66
5080460,2026-05-11T15:49:51.427406+00:00,276.67
5080461,2026-05-11T15:49:51.427406+00:00,734.93
5080463,2026-05-11T15:49:51.427406+00:00,144.69
5080464,2026-05-11T15:49:51.427406+00:00,429.75
5080466,2026-05-11T15:49:51.427406+00:00,933.41
5080468,2026-05-11T15:49:51.427406+00:00,570.28
5080471,2026-05-11T15:49:51.427406+00:00,212.02
5080473,2026-05-11T15:49:51.427406+00:00,297.81
5080475,2026-05-11T15:49:51.427406+00:00,598.03
5080479,2026-05-11T15:49:51.427406+00:00,841.63
5080481,2026-05-11T15:49:51.427406+00:00,681.86
5080436,2026-05-11T17:47:26.239863+00:00,1182.83
5080437,2026-05-11T17:47:26.239863+00:00,874.83
5080438,2026-05-11T17:47:26.239863+00:00,579.4
5080441,2026-05-11T17:47:26.239863+00:00,73.32
5080443,2026-05-11T17:47:26.239863+00:00,1351.46
5080444,2026-05-11T17:47:26.239863+00:00,223.08
5080446,2026-05-11T17:47:26.239863+00:00,711.48
5080447,2026-05-11T17:47:26.239863+00:00,432.81
5080449,2026-05-11T17:47:26.239863+00:00,725.72
5080453,2026-05-11T17:47:26.239863+00:00,335.16
5080454,2026-05-11T17:47:26.239863+00:00,439.84
5080456,2026-05-11T17:47:26.239863+00:00,228.26
5080457,2026-05-11T17:47:26.239863+00:00,436.07
5080458,2026-05-11T17:47:26.239863+00:00,683.66
5080460,2026-05-11T17:47:26.239863+00:00,286.23
5080461,2026-05-11T17:47:26.239863+00:00,725.73
5080463,2026-05-11T17:47:26.239863+00:00,144.69
5080464,2026-05-11T17:47:26.239863+00:00,429.75
5080466,2026-05-11T17:47:26.239863+00:00,883.76
5080468,2026-05-11T17:47:26.239863+00:00,565.14
5080471,2026-05-11T17:47:26.239863+00:00,211.42
5080473,2026-05-11T17:47:26.239863+00:00,297.81
5080475,2026-05-11T17:47:26.239863+00:00,598.03
5080479,2026-05-11T17:47:26.239863+00:00,910.71
5080481,2026-05-11T17:47:26.239863+00:00,675.29
5080436,2026-05-11T20:57:38.526709+00:00,1182.83
5080437,2026-05-11T20:57:38.526709+00:00,874.83
5080438,2026-05-11T20:57:38.526709+00:00,579.4
5080441,2026-05-11T20:57:38.526709+00:00,73.32
5080443,2026-05-11T20:57:38.526709+00:00,1351.46
5080444,2026-05-11T20:57:38.526709+00:00,223.08
5080446,2026-05-11T20:57:38.526709+00:00,711.48
5080447,2026-05-11T20:57:38.526709+00:00,432.81
5080449,2026-05-11T20:57:38.526709+00:00,725.72
5080453,2026-05-11T20:57:38.526709+00:00,335.16
5080454,2026-05-11T20:57:38.526709+00:00,439.84
5080456,2026-05-11T20:57:38.526709+00:00,228.26
5080457,2026-05-11T20:57:38.526709+00:00,436.07
5080458,2026-05-11T20:57:38.526709+00:00,683.66
5080460,2026-05-11T20:57:38.526709+00:00,286.23
5080461,2026-05-11T20:57:38.526709+00:00,725.73
5080463,2026-05-11T20:57:38.526709+00:00,144.69
5080464,2026-05-11T20:57:38.526709+00:00,429.75
5080466,2026-05-11T20:57:38.526709+00:00,883.76
5080468,2026-05-11T20:57:38.526709+00:00,565.14
5080471,2026-05-11T20:57:38.526709+00:00,211.42
5080473,2026-05-11T20:57:38.526709+00:00,297.81
5080475,2026-05-11T20:57:38.526709+00:00,598.03
5080479,2026-05-11T20:57:38.526709+00:00,910.71
5080481,2026-05-11T20:57:38.526709+00:00,675.29
